{
    "name": "Password-Scann",
    "type": "AUTHENTICATION",
    "config": {
        "operation_type": "LOGIN",
        "providers": [
            "oauth2-facebook",
            "oauth2-google",
            "oauth2-apple",
            "api-key",
            "local-userpass",
            "custom-token",
            "custom-function"
        ]
    },
    "disabled": false,
    "event_processors": {
        "FUNCTION": {
            "config": {
                "function_name": "Compromised_Password_Scanner"
            }
        }
    }
}
